rank,title,description,runtime,genre,rating,metascore,votes,gross,director,actors
1.,Animal Crackers,A family must use a magical box of Animal Crackers to save a run-down circus from being taken over by their evil uncle Horatio P. Huntington.,105 min,"Animation, Adventure, Comedy",5.8,60.0,"1,373",,"Tony Bancroft, ","Emily Blunt, Danny DeVito, John Krasinski, Ian McKellen"
2.,"Three Billboards Outside Ebbing, Missouri",A mother personally challenges the local authorities to solve her daughter's murder when they fail to catch the culprit.,115 min,"Comedy, Crime, Drama",8.2,88.0,"408,581",$54.51M,Martin McDonagh,"Frances McDormand, Woody Harrelson, Sam Rockwell, Caleb Landry Jones"
3.,Blade Runner 2049,"Young Blade Runner K's discovery of a long-buried secret leads him to track down former Blade Runner Rick Deckard, who's been missing for thirty years.",164 min,"Action, Drama, Mystery",8.0,81.0,"437,891",$92.05M,Denis Villeneuve,"Harrison Ford, Ryan Gosling, Ana de Armas, Dave Bautista"
4.,The Post,A cover-up spanning four U.S. Presidents pushes the country's first female newspaper publisher and her editor to join an unprecedented battle between press and government.,116 min,"Drama, Thriller",7.2,83.0,"129,153",$81.90M,Steven Spielberg,"Meryl Streep, Tom Hanks, Sarah Paulson, Bob Odenkirk"
5.,Pirates of the Caribbean: Dead Men Tell No Tales,Captain Jack Sparrow is pursued by old rival Captain Salazar and a crew of deadly ghosts who have escaped from the Devil's Triangle. They're determined to kill every pirate at sea...notably Jack.,129 min,"Action, Adventure, Fantasy",6.6,39.0,"253,240",$172.56M,"Joachim Rønning, ","Johnny Depp, Geoffrey Rush, Javier Bardem, Orlando Bloom"
6.,It,"In the summer of 1989, a group of bullied kids band together to destroy a shape-shifting monster, which disguises itself as a clown and preys on the children of Derry, their small Maine town.",135 min,Horror,7.3,69.0,"440,412",$327.48M,Andy Muschietti,"Bill Skarsgård, Jaeden Martell, Finn Wolfhard, Sophia Lillis"
7.,Justice League,"Fueled by his restored faith in humanity and inspired by Superman's selfless act, Bruce Wayne enlists the help of his new-found ally, Diana Prince, to face an even greater enemy.",120 min,"Action, Adventure, Fantasy",6.3,45.0,"368,841",$229.02M,Zack Snyder,"Ben Affleck, Gal Gadot, Jason Momoa, Ezra Miller"
8.,Guardians of the Galaxy Vol. 2,"The Guardians struggle to keep together as a team while dealing with their personal family issues, notably Star-Lord's encounter with his father the ambitious celestial being Ego.",136 min,"Action, Adventure, Comedy",7.6,67.0,"547,255",$389.81M,James Gunn,"Chris Pratt, Zoe Saldana, Dave Bautista, Vin Diesel"
9.,Thor: Ragnarok,"Imprisoned on the planet Sakaar, Thor must race against time to return to Asgard and stop Ragnarök, the destruction of his world, at the hands of the powerful and ruthless villain Hela.",130 min,"Action, Adventure, Comedy",7.9,74.0,"561,175",$315.06M,Taika Waititi,"Chris Hemsworth, Tom Hiddleston, Cate Blanchett, Mark Ruffalo"
10.,The Greatest Showman,Celebrates the birth of show business and tells of a visionary who rose from nothing to create a spectacle that became a worldwide sensation.,105 min,"Biography, Drama, Musical",7.6,48.0,"223,986",$174.34M,Michael Gracey,"Hugh Jackman, Michelle Williams, Zac Efron, Zendaya"
11.,Call Me by Your Name,"In 1980s Italy, romance blossoms between a seventeen-year-old student and the older man hired as his father's research assistant.",132 min,"Drama, Romance",7.9,93.0,"197,519",$18.10M,Luca Guadagnino,"Armie Hammer, Timothée Chalamet, Michael Stuhlbarg, Amira Casar"
12.,Dunkirk,"Allied soldiers from Belgium, the British Empire, and France are surrounded by the German Army and evacuated during a fierce battle in World War II.",106 min,"Action, Drama, History",7.9,94.0,"526,562",$188.37M,Christopher Nolan,"Fionn Whitehead, Barry Keoghan, Mark Rylance, Tom Hardy"
13.,Omerta,"A recounting of the story of infamous British-born terrorist Ahmed Omar Saeed Sheikh, who kidnapped and murdered Wall Street Journal reporter Daniel Pearl in 2002.",98 min,"Action, Biography, Crime",7.2,,"1,663",,Hansal Mehta,"Rajkummar Rao, Rajesh Tailang, Satwant Kaur, Blake Allan"
14.,Baby Driver,"After being coerced into working for a crime boss, a young getaway driver finds himself taking part in a heist doomed to fail.",113 min,"Action, Crime, Drama",7.6,86.0,"419,527",$107.83M,Edgar Wright,"Ansel Elgort, Jon Bernthal, Jon Hamm, Eiza González"
15.,Get Out,"A young African-American visits his white girlfriend's parents for the weekend, where his simmering uneasiness about their reception of him eventually reaches a boiling point.",104 min,"Horror, Mystery, Thriller",7.7,85.0,"469,104",$176.04M,Jordan Peele,"Daniel Kaluuya, Allison Williams, Bradley Whitford, Catherine Keener"
16.,Devil's Gate,"Seeking a missing woman in North Dakota, an FBI agent and a sheriff focus on her religious zealot husband but discover something far more sinister.",94 min,"Horror, Sci-Fi, Thriller",5.1,37.0,"4,387",,Clay Staub,"Amanda Schull, Shawn Ashmore, Milo Ventimiglia, Bridget Regan"
17.,El guardián invisible,A female inspector confronts a serial killer while dealing with the ghosts of her past.,129 min,Thriller,6.4,,"10,457",,Fernando González Molina,"Marta Etura, Elvira Mínguez, Nene, Francesc Orella"
18.,Spider-Man: Homecoming,"Peter Parker balances his life as an ordinary high school student in Queens with his superhero alter-ego Spider-Man, and finds himself on the trail of a new menace prowling the skies of New York City.",133 min,"Action, Adventure, Sci-Fi",7.4,73.0,"491,559",$334.20M,Jon Watts,"Tom Holland, Michael Keaton, Robert Downey Jr., Marisa Tomei"
19.,The Hitman's Bodyguard,"The world's top bodyguard gets a new client, a hitman who must testify at the International Criminal Court. They must put their differences aside and work together to make it to the trial on time.",118 min,"Action, Comedy, Crime",6.9,47.0,"180,060",$75.47M,Patrick Hughes,"Ryan Reynolds, Samuel L. Jackson, Gary Oldman, Elodie Yung"
20.,Star Wars: Episode VIII - The Last Jedi,"Rey develops her newly discovered abilities with the guidance of Luke Skywalker, who is unsettled by the strength of her powers. Meanwhile, the Resistance prepares for battle with the First Order.",152 min,"Action, Adventure, Fantasy",7.0,84.0,"545,579",$620.18M,Rian Johnson,"Daisy Ridley, John Boyega, Mark Hamill, Carrie Fisher"
21.,Beauty and the Beast,"A selfish Prince is cursed to become a monster for the rest of his life, unless he learns to fall in love with a beautiful young woman he keeps prisoner.",129 min,"Family, Fantasy, Musical",7.1,65.0,"262,682",$504.01M,Bill Condon,"Emma Watson, Dan Stevens, Luke Evans, Josh Gad"
22.,Wonder Woman,"When a pilot crashes and tells of conflict in the outside world, Diana, an Amazonian warrior in training, leaves home to fight a war, discovering her full powers and true destiny.",141 min,"Action, Adventure, Fantasy",7.4,76.0,"533,335",$412.56M,Patty Jenkins,"Gal Gadot, Chris Pine, Robin Wright, Lucy Davis"
23.,Jumanji: Welcome to the Jungle,"Four teenagers are sucked into a magical video game, and the only way they can escape is to work together to finish the game.",119 min,"Action, Adventure, Comedy",6.9,58.0,"306,465",$404.52M,Jake Kasdan,"Dwayne Johnson, Karen Gillan, Kevin Hart, Jack Black"
24.,Logan,"In a future where mutants are nearly extinct, an elderly and weary Logan leads a quiet life. But when Laura, a mutant child pursued by scientists, comes to him for help, he must get her to safety.",137 min,"Action, Drama, Sci-Fi",8.1,77.0,"624,393",$226.28M,James Mangold,"Hugh Jackman, Patrick Stewart, Dafne Keen, Boyd Holbrook"
25.,Lady Bird,"In 2002, an artistically inclined seventeen-year-old girl comes of age in Sacramento, California.",94 min,"Comedy, Drama",7.4,94.0,"226,593",$48.96M,Greta Gerwig,"Saoirse Ronan, Laurie Metcalf, Tracy Letts, Lucas Hedges"
26.,Baywatch,"Devoted lifeguard Mitch Buchannon butts heads with a brash new recruit, as they uncover a criminal plot that threatens the future of the bay.",116 min,"Action, Comedy, Crime",5.5,37.0,"155,380",$58.06M,Seth Gordon,"Dwayne Johnson, Zac Efron, Alexandra Daddario, Priyanka Chopra"
27.,Alien: Covenant,"The crew of a colony ship, bound for a remote planet, discover an uncharted paradise with a threat beyond their imagination, and must attempt a harrowing escape.",122 min,"Horror, Sci-Fi, Thriller",6.4,65.0,"247,109",$74.26M,Ridley Scott,"Michael Fassbender, Katherine Waterston, Billy Crudup, Danny McBride"
28.,Kong: Skull Island,"After the Vietnam war, a team of scientists explores an uncharted island in the Pacific, venturing into the domain of the mighty Kong, and must fight to escape a primal Eden.",118 min,"Action, Adventure, Fantasy",6.6,62.0,"260,943",$168.05M,Jordan Vogt-Roberts,"Tom Hiddleston, Samuel L. Jackson, Brie Larson, John C. Reilly"
29.,The Killing of a Sacred Deer,"Steven, a charismatic surgeon, is forced to make an unthinkable sacrifice after his life starts to fall apart, when the behavior of a teenage boy he has taken under his wing turns sinister.",121 min,"Drama, Horror, Mystery",7.0,73.0,"115,071",$2.29M,Yorgos Lanthimos,"Barry G. Bernson, Herb Caillouet, Bill Camp, Raffey Cassidy"
30.,Coco,"Aspiring musician Miguel, confronted with his family's ancestral ban on music, enters the Land of the Dead to find his great-great-grandfather, a legendary singer.",105 min,"Animation, Adventure, Family",8.4,81.0,"348,962",$209.73M,"Lee Unkrich, ","Anthony Gonzalez, Gael García Bernal, Benjamin Bratt, Alanna Ubach"
31.,John Wick: Chapter 2,"After returning to the criminal underworld to repay a debt, John Wick discovers that a large bounty has been put on his life.",122 min,"Action, Crime, Thriller",7.5,75.0,"349,747",$92.03M,Chad Stahelski,"Keanu Reeves, Riccardo Scamarcio, Ian McShane, Ruby Rose"
32.,The Babysitter,The events of one evening take an unexpected turn for the worst for a young boy trying to spy on his babysitter.,85 min,"Comedy, Horror",6.3,,"58,701",,McG,"Judah Lewis, Samara Weaving, Robbie Amell, Hana Mae Lee"
33.,Atomic Blonde,An undercover MI6 agent is sent to Berlin during the Cold War to investigate the murder of a fellow agent and recover a missing list of double agents.,115 min,"Action, Thriller",6.7,63.0,"170,027",$51.69M,David Leitch,"Charlize Theron, James McAvoy, John Goodman, Eddie Marsan"
34.,The Shape of Water,"At a top secret research facility in the 1960s, a lonely janitor forms a unique relationship with an amphibious creature that is being held in captivity.",123 min,"Adventure, Drama, Fantasy",7.3,87.0,"355,700",$63.86M,Guillermo del Toro,"Sally Hawkins, Octavia Spencer, Michael Shannon, Doug Jones"
35.,Murder on the Orient Express,"When a murder occurs on the train on which he's travelling, celebrated detective Hercule Poirot is recruited to solve the case.",114 min,"Crime, Drama, Mystery",6.5,52.0,"201,500",$102.83M,Kenneth Branagh,"Kenneth Branagh, Penélope Cruz, Willem Dafoe, Judi Dench"
36.,Logan Lucky,Two brothers attempt to pull off a heist during a NASCAR race in North Carolina.,118 min,"Comedy, Crime, Drama",7.0,78.0,"123,403",$27.78M,Steven Soderbergh,"Channing Tatum, Adam Driver, Daniel Craig, Farrah Mackenzie"
37.,The Mummy,"An ancient Egyptian princess is awakened from her crypt beneath the desert, bringing with her malevolence grown over millennia, and terrors that defy human comprehension.",111 min,"Action, Adventure, Fantasy",5.4,34.0,"168,439",$80.10M,Alex Kurtzman,"Tom Cruise, Sofia Boutella, Annabelle Wallis, Russell Crowe"
38.,The Disaster Artist,"When Greg Sestero, an aspiring film actor, meets the weird and mysterious Tommy Wiseau in an acting class, they form a unique friendship and travel to Hollywood to make their dreams come true.",104 min,"Biography, Comedy, Drama",7.4,76.0,"132,582",$21.12M,James Franco,"James Franco, Dave Franco, Ari Graynor, Seth Rogen"
39.,Transformers: The Last Knight,"A deadly threat from Earth's history reappears and a hunt for a lost artifact takes place between Autobots and Decepticons, while Optimus Prime encounters his creator in space.",154 min,"Action, Adventure, Sci-Fi",5.2,27.0,"131,572",$130.17M,Michael Bay,"Mark Wahlberg, Anthony Hopkins, Josh Duhamel, Laura Haddock"
40.,Wonder,"Based on the New York Times bestseller, this movie tells the incredibly inspiring and heartwarming story of August Pullman, a boy with facial differences who enters the fifth grade, attending a mainstream elementary school for the first time.",113 min,"Drama, Family",8.0,66.0,"132,634",$132.42M,Stephen Chbosky,"Jacob Tremblay, Owen Wilson, Izabela Vidovic, Julia Roberts"
41.,Pitch Perfect 3,"Following their win at the world championship, the now separated Bellas reunite for one last singing competition at an overseas USO tour, but face a group who uses both instruments and voices.",93 min,"Comedy, Music",5.8,40.0,"53,498",$104.90M,Trish Sie,"Anna Kendrick, Rebel Wilson, Brittany Snow, Anna Camp"
42.,Good Time,"After a botched bank robbery lands his younger brother in prison, Connie Nikas embarks on a twisted odyssey through New York City's underworld to get his brother Nick out of jail.",102 min,"Crime, Drama, Thriller",7.4,80.0,"78,143",$2.03M,"Benny Safdie, ","Robert Pattinson, Benny Safdie, Jennifer Jason Leigh, Buddy Duress"
43.,Molly's Game,"The true story of Molly Bloom, an Olympic-class skier who ran the world's most exclusive high-stakes poker game and became an FBI target.",140 min,"Biography, Crime, Drama",7.4,71.0,"132,305",$28.78M,Aaron Sorkin,"Jessica Chastain, Idris Elba, Kevin Costner, Michael Cera"
44.,King Arthur: Legend of the Sword,"Robbed of his birthright, Arthur comes up the hard way in the back alleys of the city. But once he pulls the sword from the stone, he is forced to acknowledge his true legacy - whether he likes it or not.",126 min,"Action, Adventure, Drama",6.7,41.0,"186,221",$39.18M,Guy Ritchie,"Charlie Hunnam, Astrid Bergès-Frisbey, Jude Law, Djimon Hounsou"
45.,Life,A team of scientists aboard the International Space Station discover a rapidly evolving life form that caused extinction on Mars and now threatens all life on Earth.,104 min,"Horror, Sci-Fi, Thriller",6.6,54.0,"201,008",$30.23M,Daniel Espinosa,"Jake Gyllenhaal, Rebecca Ferguson, Ryan Reynolds, Hiroyuki Sanada"
46.,Wind River,A veteran hunter helps an FBI agent investigate the murder of a young woman on a Wyoming Native American reservation.,107 min,"Crime, Drama, Mystery",7.7,73.0,"194,289",$33.80M,Taylor Sheridan,"Kelsey Asbille, Jeremy Renner, Julia Jones, Teo Briones"
47.,The Circle,"A woman lands a dream job at a powerful tech company called the Circle, only to uncover an agenda that will affect the lives of all of humanity.",110 min,"Drama, Sci-Fi, Thriller",5.3,43.0,"81,281",$20.50M,James Ponsoldt,"Emma Watson, Tom Hanks, John Boyega, Ellar Coltrane"
48.,Mother!,"A couple's relationship is tested when uninvited guests arrive at their home, disrupting their tranquil existence.",121 min,"Drama, Horror, Mystery",6.6,75.0,"183,314",$17.80M,Darren Aronofsky,"Jennifer Lawrence, Javier Bardem, Ed Harris, Michelle Pfeiffer"
49.,Kingsman: The Golden Circle,"After the Kingsman's headquarters are destroyed and the world is held hostage, an allied spy organisation in the United States is discovered. These two elite secret organisations must band together to defeat a common enemy.",141 min,"Action, Adventure, Comedy",6.7,44.0,"260,413",$100.23M,Matthew Vaughn,"Taron Egerton, Colin Firth, Mark Strong, Channing Tatum"
50.,American Assassin,"After the death of his girlfriend at the hands of terrorists, Mitch Rapp is drawn into the world of counterterrorism, mentored by tough-as-nails former U.S. Navy S.E.A.L. Stan Hurley.",111 min,"Action, Thriller",6.2,45.0,"67,487",$36.25M,Michael Cuesta,"Dylan O'Brien, Michael Keaton, Sanaa Lathan, Taylor Kitsch"
51.,Gerald's Game,"A couple tries to spice up their marriage in a remote lake house. After the husband dies unexpectedly, the wife is left handcuffed to their bed frame and must fight to survive and break free.",103 min,"Drama, Horror, Thriller",6.6,77.0,"83,216",,Mike Flanagan,"Carla Gugino, Bruce Greenwood, Chiara Aurelia, Carel Struycken"
52.,Okja,"A young girl risks everything to prevent a powerful, multinational company from kidnapping her best friend - a fascinating beast named Okja.",120 min,"Action, Adventure, Drama",7.3,75.0,"98,164",,Bong Joon Ho,"Tilda Swinton, Paul Dano, Seo-hyun Ahn, Jake Gyllenhaal"
53.,Hostiles,"In 1892, a legendary Army Captain reluctantly agrees to escort a Cheyenne chief and his family through dangerous territory.",134 min,"Drama, Western",7.2,65.0,"66,479",$29.82M,Scott Cooper,"Scott Shepherd, Rosamund Pike, Ava Cooper, Stella Cooper"
54.,The Fate of the Furious,"When a mysterious woman seduces Dominic Toretto into the world of terrorism and a betrayal of those closest to him, the crew face trials that will test them as never before.",136 min,"Action, Adventure, Crime",6.7,56.0,"198,532",$226.01M,F. Gary Gray,"Vin Diesel, Jason Statham, Dwayne Johnson, Michelle Rodriguez"
55.,Bright,A detective must work with an Orc to find a powerful wand before evil creatures do.,117 min,"Action, Fantasy, Thriller",6.3,29.0,"163,790",,David Ayer,"Will Smith, Joel Edgerton, Noomi Rapace, Edgar Ramírez"
56.,The Florida Project,"Set over one summer, the film follows precocious six-year-old Moonee as she courts mischief and adventure with her ragtag playmates and bonds with her rebellious but caring mother, all while living in the shadows of Walt Disney World.",111 min,Drama,7.6,92.0,"88,865",$5.90M,Sean Baker,"Brooklynn Prince, Bria Vinaite, Willem Dafoe, Christopher Rivera"
57.,"I, Tonya","Competitive ice skater Tonya Harding rises amongst the ranks at the U.S. Figure Skating Championships, but her future in the activity is thrown into doubt when her ex-husband intervenes.",119 min,"Biography, Comedy, Drama",7.5,77.0,"171,999",$30.01M,Craig Gillespie,"Margot Robbie, Sebastian Stan, Allison Janney, Julianne Nicholson"
58.,Home Again,Life for a single mom in Los Angeles takes an unexpected turn when she allows three young guys to move in with her.,97 min,"Comedy, Drama, Romance",5.8,41.0,"26,842",$27.02M,Hallie Meyers-Shyer,"Reese Witherspoon, Michael Sheen, Candice Bergen, Pico Alexander"
59.,xXx: Return of Xander Cage,"Xander Cage is left for dead after an incident, though he secretly returns to action for a new, tough assignment with his handler Augustus Gibbons.",107 min,"Action, Adventure, Thriller",5.2,42.0,"83,364",$44.90M,D.J. Caruso,"Vin Diesel, Donnie Yen, Deepika Padukone, Kris Wu"
60.,Papillon,"Wrongfully convicted for murder, Henri Charriere forms an unlikely relationship with fellow inmate and quirky convicted counterfeiter Louis Dega, in an attempt to escape from the notorious penal colony on Devil's Island.",133 min,"Adventure, Biography, Crime",7.2,51.0,"48,602",$2.34M,Michael Noer,"Charlie Hunnam, Damijan Oklopdzic, Christopher Fairbank, Jason Ryan"
61.,Verónica,"Madrid, 1991. A teen girl finds herself besieged by an evil supernatural force after she played Ouija with two classmates.",105 min,Horror,6.2,,"33,873",,Paco Plaza,"Sandra Escacena, Bruna González, Claudia Placer, Iván Chavero"
62.,Romans,An adult victim of childhood sexual abuse confronts the horrors of his past.,91 min,"Drama, Thriller",5.2,58.0,636,,"Ludwig Shammasian, ","Orlando Bloom, Janet Montgomery, Charlie Creed-Miles, Anne Reid"
63.,Hickok,"Legendary lawman and gunslinger, Wild Bill Hickok, is tasked with taming the wildest cow-town in the west. While delivering his own brand of frontier justice, the infamous gunfighter's reputation as the fastest draw in the west is put to the test.",88 min,Western,4.7,49.0,"2,558",,Timothy Woodward Jr.,"Luke Hemsworth, Kris Kristofferson, Trace Adkins, Bruce Dern"
64.,Only the Brave,"Based on the true story of the Granite Mountain Hotshots, a group of elite firefighters who risk everything to protect a town from a historic wildfire.",134 min,"Action, Biography, Drama",7.6,72.0,"54,574",$18.34M,Joseph Kosinski,"Josh Brolin, Miles Teller, Jeff Bridges, Jennifer Connelly"
65.,Valerian and the City of a Thousand Planets,"A dark force threatens Alpha, a vast metropolis and home to species from a thousand planets. Special operatives Valerian and Laureline must race to identify the marauding menace and safeguard not just Alpha, but the future of the universe.",136 min,"Action, Adventure, Fantasy",6.5,51.0,"156,697",$41.19M,Luc Besson,"Dane DeHaan, Cara Delevingne, Clive Owen, Rihanna"
66.,Phantom Thread,"Set in 1950s London, Reynolds Woodcock is a renowned dressmaker whose fastidious life is disrupted by a young, strong-willed woman, Alma, who becomes his muse and lover.",130 min,"Drama, Romance",7.5,90.0,"105,465",$21.02M,Paul Thomas Anderson,"Vicky Krieps, Daniel Day-Lewis, Lesley Manville, Julie Vollono"
67.,Mary Shelley,"Life and facts of Mary Wollstonecraft Godwin, who at 16 met 21 year old poet Percy Shelley, resulting in the writing of Frankenstein.",120 min,"Biography, Drama, History",6.4,49.0,"12,045",$0.10M,Haifaa Al-Mansour,"Elle Fanning, Bel Powley, Owen Richards, Joanne Froggatt"
68.,You Were Never Really Here,"A traumatized veteran, unafraid of violence, tracks down missing girls for a living. When a job spins out of control, Joe's nightmares overtake him as a conspiracy is uncovered leading to what may be his death trip or his awakening.",89 min,"Crime, Drama, Mystery",6.8,84.0,"96,688",$2.52M,Lynne Ramsay,"Joaquin Phoenix, Judith Roberts, Ekaterina Samsonov, John Doman"
69.,Gifted,"Frank, a single man raising his child prodigy niece Mary, is drawn into a custody battle with his mother.",101 min,Drama,7.6,60.0,"95,217",$24.80M,Marc Webb,"Chris Evans, Mckenna Grace, Lindsay Duncan, Octavia Spencer"
70.,Fifty Shades Darker,"While Christian wrestles with his inner demons, Anastasia must confront the anger and envy of the women who came before her.",118 min,"Drama, Romance",4.6,33.0,"89,005",$114.38M,James Foley,"Dakota Johnson, Jamie Dornan, Eric Johnson, Eloise Mumford"
71.,The Current War,The dramatic story of the cutthroat race between electricity titans Thomas Edison and George Westinghouse to determine whose electrical system would power the modern world.,108 min,"Biography, Drama, History",6.5,55.0,"16,018",,Alfonso Gomez-Rejon,"Benedict Cumberbatch, Oliver Powell, Sophia Ally, Tuppence Middleton"
72.,1922,"A simple yet proud farmer in the year 1922 conspires to murder his wife for financial gain, convincing his teenage son to assist. But their actions have unintended consequences.",102 min,"Crime, Drama, Horror",6.3,70.0,"49,133",,Zak Hilditch,"Thomas Jane, Molly Parker, Dylan Schmid, Kaitlyn Bernard"
73.,Darkest Hour,"In May 1940, the fate of World War II hangs on Winston Churchill, who must decide whether to negotiate with Adolf Hitler, or fight on knowing that it could mean the end of the British Empire.",125 min,"Biography, Drama, Family",7.4,75.0,"164,276",$56.47M,Joe Wright,"Gary Oldman, Lily James, Kristin Scott Thomas, Ben Mendelsohn"
74.,Newness,"In contemporary Los Angeles, two millennials navigating a social media-driven hookup culture begin a relationship that pushes both emotional and physical boundaries.",117 min,"Drama, Romance",6.4,50.0,"12,594",,Drake Doremus,"Nicholas Hoult, Laia Costa, Danny Huston, Courtney Eaton"
75.,The Dark Tower,A boy haunted by visions of a dark tower from a parallel reality teams up with the tower's disillusioned guardian to stop an evil warlock known as the Man in Black who plans to use the boy to destroy the tower and open the gates of Hell.,95 min,"Action, Adventure, Fantasy",5.6,34.0,"123,160",$50.70M,Nikolaj Arcel,"Idris Elba, Matthew McConaughey, Tom Taylor, Dennis Haysbert"
76.,The Ritual,"A group of college friends reunite for a trip to the forest, but encounter a menacing presence in the woods that's stalking them.",94 min,"Horror, Mystery, Thriller",6.3,57.0,"71,366",,David Bruckner,"Rafe Spall, Arsher Ali, Robert James-Collier, Sam Troughton"
77.,The Foreigner,"A humble businessman with a buried past seeks justice when his daughter is killed in an act of terrorism. A cat-and-mouse conflict ensues with a government official, whose past may hold clues to the killers' identities.",113 min,"Action, Thriller",7.0,55.0,"95,470",$34.39M,Martin Campbell,"Katie Leung, Jackie Chan, Rufus Jones, Mark Tandy"
78.,The Death of Stalin,"Moscow, 1953. After being in power for nearly thirty years, Soviet dictator Joseph Vissarionovich Stalin (Adrian McLoughlin) takes ill and quickly dies. Now the members of the Council of Ministers scramble for power.",107 min,"Comedy, Drama, History",7.2,88.0,"81,140",$8.04M,Armando Iannucci,"Steve Buscemi, Simon Russell Beale, Jeffrey Tambor, Andrea Riseborough"
79.,What Happened to Monday,"In a world where families are limited to one child due to overpopulation, a set of identical septuplets must avoid being put to a long sleep by the government and dangerous infighting while investigating the disappearance of one of their own.",123 min,"Action, Adventure, Crime",6.9,47.0,"98,196",,Tommy Wirkola,"Noomi Rapace, Glenn Close, Willem Dafoe, Marwan Kenzari"
80.,All the Money in the World,The story of the kidnapping of 16-year-old John Paul Getty III and the desperate attempt by his devoted mother to convince his billionaire grandfather Jean Paul Getty to pay the ransom.,132 min,"Biography, Crime, Drama",6.8,72.0,"70,755",$25.11M,Ridley Scott,"Michelle Williams, Christopher Plummer, Mark Wahlberg, Romain Duris"
81.,Ghost in the Shell,"In the near future, Major Mira Killian is the first of her kind: A human saved from a terrible crash, who is cyber-enhanced to be a perfect soldier devoted to stopping the world's most dangerous criminals.",107 min,"Action, Crime, Drama",6.3,52.0,"190,954",$40.56M,Rupert Sanders,"Scarlett Johansson, Pilou Asbæk, Takeshi Kitano, Juliette Binoche"
82.,Power Rangers,"A group of high-school students, who are infused with unique superpowers, harness their abilities in order to save the world.",124 min,"Action, Adventure, Sci-Fi",5.9,44.0,"99,710",$85.36M,Dean Israelite,"Dacre Montgomery, Naomi Scott, RJ Cyler, Ludi Lin"
83.,"Roman J. Israel, Esq.","Roman J. Israel, Esq., a driven, idealistic defense attorney, finds himself in a tumultuous series of events that lead to a crisis and the necessity for extreme action.",122 min,"Crime, Drama, Thriller",6.5,58.0,"30,629",$11.96M,Dan Gilroy,"Denzel Washington, Colin Farrell, Carmen Ejogo, Lynda Gravatt"
84.,Time Trap,A professor enters a cave and goes missing. Some of his students come looking for him and get trapped in the cave as well.,87 min,"Action, Adventure, Sci-Fi",6.5,46.0,"16,669",,"Mark Dennis, ","Andrew Wilson, Cassidy Gifford, Brianne Howey, Reiley McClendon"
85.,War for the Planet of the Apes,"After the apes suffer unimaginable losses, Caesar wrestles with his darker instincts and begins his own mythic quest to avenge his kind.",140 min,"Action, Adventure, Drama",7.4,82.0,"221,124",$146.88M,Matt Reeves,"Andy Serkis, Woody Harrelson, Steve Zahn, Karin Konoval"
86.,The Mountain Between Us,"Stranded after a tragic plane crash, two strangers must forge a connection to survive the extreme elements of a remote snow-covered mountain. When they realize help is not coming, they embark on a perilous journey across the wilderness.",112 min,"Action, Adventure, Drama",6.4,48.0,"64,422",$30.35M,Hany Abu-Assad,"Kate Winslet, Idris Elba, Beau Bridges, Dermot Mulroney"
87.,Cars 3,Lightning McQueen sets out to prove to a new generation of racers that he's still the best race car in the world.,102 min,"Animation, Adventure, Comedy",6.7,59.0,"70,956",$152.90M,Brian Fee,"Owen Wilson, Cristela Alonzo, Chris Cooper, Nathan Fillion"
88.,The Upside,A comedic look at the relationship between a wealthy man with quadriplegia and an unemployed man with a criminal record who's hired to help him.,126 min,"Comedy, Drama",6.9,46.0,"42,308",$108.25M,Neil Burger,"Kevin Hart, Bryan Cranston, Nicole Kidman, Aja Naomi King"
89.,God's Own Country,"Spring. Yorkshire. Young farmer Johnny Saxby numbs his daily frustrations with binge drinking and casual sex, until the arrival of a Romanian migrant worker for lambing season ignites an intense relationship that sets Johnny on a new path.",104 min,"Drama, Romance",7.7,85.0,"23,000",$0.34M,Francis Lee,"Josh O'Connor, Alec Secareanu, Gemma Jones, Ian Hart"
90.,Unlocked,A CIA interrogator is lured into a ruse that puts London at risk of a biological attack.,98 min,"Action, Drama, Mystery",6.2,46.0,"27,730",,Michael Apted,"Noomi Rapace, Orlando Bloom, Toni Collette, John Malkovich"
91.,It Comes at Night,"Secure within a desolate home as an unnatural threat terrorizes the world, a man has established a tenuous domestic order with his wife and son. Then a desperate young family arrives seeking refuge.",91 min,"Horror, Mystery",6.2,78.0,"80,415",$13.99M,Trey Edward Shults,"Joel Edgerton, Christopher Abbott, Carmen Ejogo, Riley Keough"
92.,A Ghost Story,"In this singular exploration of legacy, love, loss, and the enormity of existence, a recently deceased, white-sheeted ghost returns to his suburban home to try to reconnect with his bereft wife.",92 min,"Drama, Fantasy, Romance",6.9,84.0,"57,334",$1.60M,David Lowery,"Casey Affleck, Rooney Mara, McColm Cephas Jr., Kenneisha Thompson"
93.,Shot Caller,A newly released prisoner is forced by the leaders of his gang to orchestrate a major crime with a brutal rival gang on the streets of Southern California.,121 min,"Crime, Drama, Thriller",7.3,59.0,"68,310",,Ric Roman Waugh,"Nikolaj Coster-Waldau, Omari Hardwick, Lake Bell, Jon Bernthal"
94.,Raabta,"In 2017, Shiv and Saira fall for each other and form an inseparable connection. Until, Saira crosses paths with a reincarnated lover from a previous lifetime who is determined to make her his lover again.",147 min,"Action, Drama, Fantasy",4.5,,"4,350",,Dinesh Vijan,"Sushant Singh Rajput, Deepika Padukone, Rajkummar Rao, Kriti Sanon"
95.,The Endless,"As kids, they escaped an UFO death cult. Now, two adult brothers seek answers after an old videotape surfaces and brings them back to where they began.",111 min,"Drama, Fantasy, Horror",6.5,80.0,"30,148",$0.27M,"Justin Benson, ","Aaron Moorhead, Justin Benson, Callie Hernandez, Tate Ellington"
96.,47 Meters Down,"Two sisters vacationing in Mexico are trapped in a shark cage at the bottom of the ocean. With less than an hour of oxygen left and great white sharks circling nearby, they must fight to survive.",89 min,"Adventure, Drama, Horror",5.6,52.0,"47,253",$44.31M,Johannes Roberts,"Mandy Moore, Claire Holt, Matthew Modine, Chris Johnson"
97.,American Made,"The story of Barry Seal, an American pilot who became a drug-runner for the CIA in the 1980s in a clandestine operation that would be exposed as the Iran-Contra Affair.",115 min,"Action, Biography, Comedy",7.2,65.0,"152,581",$51.34M,Doug Liman,"Tom Cruise, Domhnall Gleeson, Sarah Wright, Jesse Plemons"
98.,Death Note,"A high school student named Light Turner discovers a mysterious notebook that has the power to kill anyone whose name is written within its pages, and launches a secret crusade to rid the world of criminals.",101 min,"Action, Adventure, Crime",4.5,43.0,"73,317",,Adam Wingard,"Nat Wolff, LaKeith Stanfield, Margaret Qualley, Shea Whigham"
99.,The Big Sick,"Pakistan-born comedian Kumail Nanjiani and grad student Emily Gardner fall in love but struggle as their cultures clash. When Emily contracts a mysterious illness, Kumail finds himself forced to face her feisty parents, his family's expectations, and his true feelings.",120 min,"Comedy, Drama, Romance",7.5,86.0,"116,827",$42.87M,Michael Showalter,"Kumail Nanjiani, Zoe Kazan, Holly Hunter, Ray Romano"
100.,Disobedience,"A woman returns to her Orthodox Jewish community that shunned her for her attraction to a female childhood friend. Once back, their passions reignite as they explore the boundaries of faith and sexuality.",114 min,"Drama, Romance",6.6,74.0,"23,633",$3.48M,Sebastián Lelio,"Rachel Weisz, Rachel McAdams, Alessandro Nivola, Anton Lesser"
